{"cameraMode":{"drawMode":0,"name":"Shaded","section":"Shading Mode"},"sceneLighting":false,"audioPlay":false,"sceneViewState":{"m_AlwaysRefresh":false,"showFog":true,"showSkybox":false,"showFlares":true,"showImageEffects":true,"showParticleSystems":true,"showVisualEffectGraphs":true,"m_FxEnabled":true},"in2DMode":false,"pivot":{"x":-0.1208338737487793,"y":3.2901453971862795,"z":-3.5762786865234377e-7},"rotation":{"x":-0.01429517101496458,"y":0.985637366771698,"z":-0.12485150247812271,"w":-0.11285276710987091},"size":17.672300338745118,"orthographic":true}